{
    "parent":"item/generated",
    "textures":{
        "layer0":"item/paper"
    },
    "overrides":[
        { "predicate": { "custom_model_data": 2001}, "model": "item/icons/helpmenu/auction"},
        { "predicate": { "custom_model_data": 2002}, "model": "item/icons/helpmenu/coinshop"},
        { "predicate": { "custom_model_data": 2003}, "model": "item/icons/helpmenu/cosmetics"},
        { "predicate": { "custom_model_data": 2004}, "model": "item/icons/helpmenu/deliveries"},
        { "predicate": { "custom_model_data": 2005}, "model": "item/icons/helpmenu/factories"},
        { "predicate": { "custom_model_data": 2006}, "model": "item/icons/helpmenu/jobs"},
        { "predicate": { "custom_model_data": 2007}, "model": "item/icons/helpmenu/kits"},
        { "predicate": { "custom_model_data": 2008}, "model": "item/icons/helpmenu/leaderboards"},
        { "predicate": { "custom_model_data": 2009}, "model": "item/icons/helpmenu/levels"},
        { "predicate": { "custom_model_data": 2010}, "model": "item/icons/helpmenu/pw"},
        { "predicate": { "custom_model_data": 2011}, "model": "item/icons/helpmenu/rewards"},
        { "predicate": { "custom_model_data": 2012}, "model": "item/icons/helpmenu/rtp"},
        { "predicate": { "custom_model_data": 2013}, "model": "item/icons/helpmenu/shop"},
        { "predicate": { "custom_model_data": 2014}, "model": "item/icons/helpmenu/skills"},
        { "predicate": { "custom_model_data": 2015}, "model": "item/icons/helpmenu/store"},
        { "predicate": { "custom_model_data": 2016}, "model": "item/icons/helpmenu/tags"},
        { "predicate": { "custom_model_data": 2017}, "model": "item/icons/helpmenu/teams"},
        { "predicate": { "custom_model_data": 2018}, "model": "item/icons/helpmenu/warps"},
        { "predicate": { "custom_model_data": 2019}, "model": "item/icons/helpmenu/weekendgrinder"},
        { "predicate": { "custom_model_data": 2020}, "model": "item/icons/helpmenu/quests"},
        { "predicate": { "custom_model_data": 3001}, "model": "item/icons/keys/votekey"},
        { "predicate": { "custom_model_data": 3002}, "model": "item/icons/keys/uniquekey"},
        { "predicate": { "custom_model_data": 3003}, "model": "item/icons/keys/mythicalkey"},
        { "predicate": { "custom_model_data": 3004}, "model": "item/icons/keys/epickey"},
        { "predicate": { "custom_model_data": 3005}, "model": "item/icons/keys/legendarykey"},
        { "predicate": { "custom_model_data": 3006}, "model": "item/icons/backpacks/leather"},
        { "predicate": { "custom_model_data": 3007}, "model": "item/icons/backpacks/copper"},
        { "predicate": { "custom_model_data": 3008}, "model": "item/icons/backpacks/iron"},
        { "predicate": { "custom_model_data": 3009}, "model": "item/icons/backpacks/gold"},
        { "predicate": { "custom_model_data": 3010}, "model": "item/icons/backpacks/diamond"},
        { "predicate": { "custom_model_data": 3011}, "model": "item/icons/backpacks/netherite"},
        { "predicate": { "custom_model_data": 3012}, "model": "item/icons/cosmetics"},
        { "predicate": { "custom_model_data": 3013}, "model": "item/icons/tags"},
        { "predicate": { "custom_model_data": 4001}, "model": "item/icons/levels/levelgreen"},
        { "predicate": { "custom_model_data": 4002}, "model": "item/icons/levels/levelyellow"},
        { "predicate": { "custom_model_data": 4003}, "model": "item/icons/levels/levelred"},
        { "predicate": { "custom_model_data": 5001}, "model": "item/icons/jobs/miner"},
        { "predicate": { "custom_model_data": 5002}, "model": "item/icons/jobs/digger"},
        { "predicate": { "custom_model_data": 5003}, "model": "item/icons/jobs/lumberjack"},
        { "predicate": { "custom_model_data": 5004}, "model": "item/icons/jobs/farmer"},
        { "predicate": { "custom_model_data": 5005}, "model": "item/icons/jobs/builder"},
        { "predicate": { "custom_model_data": 5006}, "model": "item/icons/jobs/crafter"},
        { "predicate": { "custom_model_data": 5007}, "model": "item/icons/jobs/hunter"},
        { "predicate": { "custom_model_data": 5008}, "model": "item/icons/jobs/shepherd"},
        { "predicate": { "custom_model_data": 5009}, "model": "item/icons/jobs/fisher"},
        { "predicate": { "custom_model_data": 5010}, "model": "item/icons/jobs/brewer"},
        { "predicate": { "custom_model_data": 5011}, "model": "item/icons/jobs/explorer"},
        { "predicate": { "custom_model_data": 5012}, "model": "item/icons/jobs/blacksmith"},
        { "predicate": { "custom_model_data": 6001}, "model": "item/icons/research/oil"},
        { "predicate": { "custom_model_data": 6002}, "model": "item/icons/research/metals"},
        { "predicate": { "custom_model_data": 6003}, "model": "item/icons/research/factory"},
        { "predicate": { "custom_model_data": 6004}, "model": "item/icons/research/mechanics"},
        { "predicate": { "custom_model_data": 6005}, "model": "item/icons/research/accounting"},
        { "predicate": { "custom_model_data": 6006}, "model": "item/icons/research/accountingtwo"},
        { "predicate": { "custom_model_data": 6007}, "model": "item/icons/research/mechanicstwo"},
        { "predicate": { "custom_model_data": 6008}, "model": "item/icons/research/goldingot"},
        { "predicate": { "custom_model_data": 6009}, "model": "item/icons/research/gasoline"},
        { "predicate": { "custom_model_data": 6010}, "model": "item/icons/research/uranium"},
        { "predicate": { "custom_model_data": 6011}, "model": "item/icons/research/diamond"},
        { "predicate": { "custom_model_data": 6012}, "model": "item/icons/research/netherite"},
        { "predicate": { "custom_model_data": 6013}, "model": "item/icons/research/hydrogen"},
        { "predicate": { "custom_model_data": 6014}, "model": "item/icons/research/accountingthree"},
        { "predicate": { "custom_model_data": 6015}, "model": "item/icons/research/mechanicsthree"},
        { "predicate": { "custom_model_data": 6016}, "model": "item/icons/research/timerone"},
        { "predicate": { "custom_model_data": 6017}, "model": "item/icons/research/timertwo"},
        { "predicate": { "custom_model_data": 6018}, "model": "item/icons/research/timerthree"},
        { "predicate": { "custom_model_data": 6019}, "model": "item/icons/research/timerfour"},
        { "predicate": { "custom_model_data": 7001}, "model": "item/icons/milestones/milestones1n"},
        { "predicate": { "custom_model_data": 7002}, "model": "item/icons/milestones/milestones1green"},
        { "predicate": { "custom_model_data": 7003}, "model": "item/icons/milestones/milestones1orange"},
        { "predicate": { "custom_model_data": 7004}, "model": "item/icons/milestones/milestones2n"},
        { "predicate": { "custom_model_data": 7005}, "model": "item/icons/milestones/milestones2green"},
        { "predicate": { "custom_model_data": 7006}, "model": "item/icons/milestones/milestones2orange"},
        { "predicate": { "custom_model_data": 7007}, "model": "item/icons/milestones/milestones2red"},
        { "predicate": { "custom_model_data": 7008}, "model": "item/icons/milestones/milestones3n"},
        { "predicate": { "custom_model_data": 7009}, "model": "item/icons/milestones/milestones3green"},
        { "predicate": { "custom_model_data": 7010}, "model": "item/icons/milestones/milestones3orange"},
        { "predicate": { "custom_model_data": 7011}, "model": "item/icons/milestones/milestones3red"},
        { "predicate": { "custom_model_data": 7012}, "model": "item/icons/milestones/milestones4n"},
        { "predicate": { "custom_model_data": 7013}, "model": "item/icons/milestones/milestones4green"},
        { "predicate": { "custom_model_data": 7014}, "model": "item/icons/milestones/milestones4orange"},
        { "predicate": { "custom_model_data": 7015}, "model": "item/icons/milestones/milestones4red"},
        { "predicate": { "custom_model_data": 7016}, "model": "item/icons/milestones/milestones5n"},
        { "predicate": { "custom_model_data": 7017}, "model": "item/icons/milestones/milestones5green"},
        { "predicate": { "custom_model_data": 7018}, "model": "item/icons/milestones/milestones5orange"},
        { "predicate": { "custom_model_data": 7019}, "model": "item/icons/milestones/milestones5red"},
        { "predicate": { "custom_model_data": 7020}, "model": "item/icons/milestones/milestones6n"},
        { "predicate": { "custom_model_data": 7021}, "model": "item/icons/milestones/milestones6green"},
        { "predicate": { "custom_model_data": 7022}, "model": "item/icons/milestones/milestones6orange"},
        { "predicate": { "custom_model_data": 7023}, "model": "item/icons/milestones/milestones6red"},
        { "predicate": { "custom_model_data": 7024}, "model": "item/icons/milestones/milestones7n"},
        { "predicate": { "custom_model_data": 7025}, "model": "item/icons/milestones/milestones7green"},
        { "predicate": { "custom_model_data": 7026}, "model": "item/icons/milestones/milestones7orange"},
        { "predicate": { "custom_model_data": 7027}, "model": "item/icons/milestones/milestones7red"},
        { "predicate": { "custom_model_data": 7028}, "model": "item/icons/milestones/milestones8n"},
        { "predicate": { "custom_model_data": 7029}, "model": "item/icons/milestones/milestones8green"},
        { "predicate": { "custom_model_data": 7030}, "model": "item/icons/milestones/milestones8orange"},
        { "predicate": { "custom_model_data": 7031}, "model": "item/icons/milestones/milestones8red"},
        { "predicate": { "custom_model_data": 8001}, "model": "item/icons/lockedfactories/lockedwheat"},
        { "predicate": { "custom_model_data": 8002}, "model": "item/icons/lockedfactories/lockedbook"},
        { "predicate": { "custom_model_data": 8003}, "model": "item/icons/lockedfactories/lockedbrick"},
        { "predicate": { "custom_model_data": 8004}, "model": "item/icons/lockedfactories/lockedcharcoal"},
        { "predicate": { "custom_model_data": 8005}, "model": "item/icons/lockedfactories/lockedcopperingot"},
        { "predicate": { "custom_model_data": 8006}, "model": "item/icons/lockedfactories/lockeddiamond"},
        { "predicate": { "custom_model_data": 8007}, "model": "item/icons/lockedfactories/lockedfirework"},
        { "predicate": { "custom_model_data": 8008}, "model": "item/icons/lockedfactories/lockedgasoline"},
        { "predicate": { "custom_model_data": 8009}, "model": "item/icons/lockedfactories/lockedgoldingot"},
        { "predicate": { "custom_model_data": 8010}, "model": "item/icons/lockedfactories/lockedhydrogen"},
        { "predicate": { "custom_model_data": 8011}, "model": "item/icons/lockedfactories/lockedironingot"},
        { "predicate": { "custom_model_data": 8012}, "model": "item/icons/lockedfactories/lockeditemframe"},
        { "predicate": { "custom_model_data": 8013}, "model": "item/icons/lockedfactories/lockednetherite"},
        { "predicate": { "custom_model_data": 8014}, "model": "item/icons/lockedfactories/lockednetherstar"},
        { "predicate": { "custom_model_data": 8015}, "model": "item/icons/lockedfactories/lockedoil"},
        { "predicate": { "custom_model_data": 8016}, "model": "item/icons/lockedfactories/lockedquartz"},
        { "predicate": { "custom_model_data": 8017}, "model": "item/icons/lockedfactories/lockedstring"},
        { "predicate": { "custom_model_data": 8018}, "model": "item/icons/lockedfactories/lockeduranium"},
        { "predicate": { "custom_model_data": 8019}, "model": "item/icons/lockedfactories/lockedarrow"},
        { "predicate": { "custom_model_data":10007 }, "model": "blank:auto_generated/blank"},
        { "predicate": { "custom_model_data": 10031}, "model": "item/icons/jobs_blank"},
        { "predicate": { "custom_model_data": 10032}, "model": "item/icons/jobs_alchemist"},
        { "predicate": { "custom_model_data": 10033}, "model": "item/icons/jobs_arrow_left"},
        { "predicate": { "custom_model_data": 10034}, "model": "item/icons/jobs_arrow_right"},
        { "predicate": { "custom_model_data": 10036}, "model": "item/icons/jobs_blacksmith"},
        { "predicate": { "custom_model_data": 10037}, "model": "item/icons/jobs_builder"},
        { "predicate": { "custom_model_data": 10038}, "model": "item/icons/jobs_crafter"},
        { "predicate": { "custom_model_data": 10039}, "model": "item/icons/jobs_digger"},
        { "predicate": { "custom_model_data": 10040}, "model": "item/icons/jobs_enchanter"},
        { "predicate": { "custom_model_data": 10041}, "model": "item/icons/jobs_farmer"},
        { "predicate": { "custom_model_data": 10042}, "model": "item/icons/jobs_fisherman"},
        { "predicate": { "custom_model_data": 10043}, "model": "item/icons/jobs_hunter"},
        { "predicate": { "custom_model_data": 10044}, "model": "item/icons/jobs_lumberjack"},
        { "predicate": { "custom_model_data": 10045}, "model": "item/icons/jobs_miner"},
        { "predicate": { "custom_model_data": 10046}, "model": "item/icons/jobs_smelter"},
        { "predicate": { "custom_model_data": 10049}, "model": "item/icons/jobs_assassin"},
        { "predicate": { "custom_model_data": 10050}, "model": "item/icons/dailyreward"},
        { "predicate": { "custom_model_data": 10051}, "model": "item/icons/weeklyreward"},
        { "predicate": { "custom_model_data": 10052}, "model": "item/icons/monthlyreward"},
        { "predicate": { "custom_model_data": 10053}, "model": "item/icons/starterkits"},
        { "predicate": { "custom_model_data": 10054}, "model": "item/icons/rankedkits"},
        { "predicate": { "custom_model_data": 10055}, "model": "item/icons/kitcopper"},
        { "predicate": { "custom_model_data": 10056}, "model": "item/icons/kitemerald"},
        { "predicate": { "custom_model_data": 10057}, "model": "item/icons/kitdiamond"},
        { "predicate": { "custom_model_data": 10058}, "model": "item/icons/kitruby"},
        { "predicate": { "custom_model_data": 10059}, "model": "item/icons/kitgold"},
        { "predicate": { "custom_model_data": 10060}, "model": "item/icons/breada"},
        { "predicate": { "custom_model_data": 10061}, "model": "item/icons/processone"},
        { "predicate": { "custom_model_data": 10062}, "model": "item/icons/processtwo"},
        { "predicate": { "custom_model_data": 10063}, "model": "item/icons/processthree"},
        { "predicate": { "custom_model_data": 10064}, "model": "item/icons/package"},
        { "predicate": { "custom_model_data": 10065}, "model": "item/icons/lock"},
        { "predicate": { "custom_model_data": 10066}, "model": "item/icons/lockopen"},
        { "predicate": { "custom_model_data": 10067}, "model": "item/icons/oil"},
        { "predicate": { "custom_model_data": 10068}, "model": "item/icons/gasoline"},
        { "predicate": { "custom_model_data": 10069}, "model": "item/icons/hydrogen"},
        { "predicate": { "custom_model_data": 10070}, "model": "item/icons/uranium"},
        { "predicate": { "custom_model_data": 10071}, "model": "item/icons/crates/coin"},
        { "predicate": { "custom_model_data": 10072}, "model": "item/icons/crates/factories"},
        { "predicate": { "custom_model_data": 10073}, "model": "item/icons/crates/money"},
        { "predicate": { "custom_model_data": 10074}, "model": "item/icons/on"},
        { "predicate": { "custom_model_data": 10075}, "model": "item/icons/off"},

	{ "predicate": { "custom_model_data": 10076}, "model": "item/icons/kitsapphire"},
	{ "predicate": { "custom_model_data": 10077}, "model": "item/icons/kitcoal"},
	{ "predicate": { "custom_model_data": 10078}, "model": "item/icons/kitsilver"},
	{ "predicate": { "custom_model_data": 10079}, "model": "item/icons/kitpearl"},
	{ "predicate": { "custom_model_data": 10080}, "model": "item/icons/kitamethyst"},

        { "predicate": { "custom_model_data": 11001}, "model": "item/icons/smak/graykey"},
        { "predicate": { "custom_model_data": 11002}, "model": "item/icons/smak/rainbowkey"},
        { "predicate": { "custom_model_data": 11003}, "model": "item/icons/smak/pokeballone"},
        { "predicate": { "custom_model_data": 11004}, "model": "item/icons/smak/pokeballtwo"},
        { "predicate": { "custom_model_data": 11005}, "model": "item/icons/smak/pokeballthree"},
        { "predicate": { "custom_model_data": 11006}, "model": "item/icons/smak/pokeballfour"},
		{ "predicate": { "custom_model_data": 11007}, "model": "item/icons/smak/totemblack"},
		{ "predicate": { "custom_model_data": 11008}, "model": "item/icons/smak/totemwhite"},
		{ "predicate": { "custom_model_data": 11009}, "model": "item/icons/smak/totemyellow"},
		{ "predicate": { "custom_model_data": 11010}, "model": "item/icons/smak/totemorange"},
		{ "predicate": { "custom_model_data": 11011}, "model": "item/icons/smak/totemred"},
		{ "predicate": { "custom_model_data": 11012}, "model": "item/icons/smak/totempurple"},
		{ "predicate": { "custom_model_data": 11013}, "model": "item/icons/smak/totempink"},
		{ "predicate": { "custom_model_data": 11014}, "model": "item/icons/smak/totemblue"},
		{ "predicate": { "custom_model_data": 11015}, "model": "item/icons/smak/totemgreen"}
    ]
}